ID,Product,Hook,Problem,Solution,Demo,CTA_Web,CTA_Amazon,Caption,Hashtags,Status,Render_URL,Post_Time,Platform
1,Dog Urine Neutralizer,Dog pee killing your grass?,Yellow spots keep coming back,Fix it at the soil level,Spray lawn,Shop direct and save 15%,Also available on Amazon,Dog urine damage? Fix it for good. Link in bio,#lawncare #dogowners #grassrepair,READY,,08:30,TT/IG/YT
2,Dog Urine Neutralizer,Stop reseeding your lawn,Dead patches keep returning,Neutralize urine salts,Before and after lawn shot,Save 15% when you buy direct,Available on Amazon,Not a dye. Real lawn repair at the soil level.,#lawnfix #petsafe #dogmom,READY,,12:30,TT/IG/YT
3,Dog Urine Neutralizer,Your dog is not the problem,Soil damage from urine keeps building up,Break it down naturally,Close spray application,Buy direct and save,Also on Amazon,Fix the root cause instead of covering the spot.,#dogowners #yardcare #lawnhelp,READY,,16:30,TT/IG/YT
4,Dog Urine Neutralizer,Grass keeps dying in the same spots?,Salt buildup stresses roots,Restore soil balance,Water-in shot,Save 15% today,Also available on Amazon,Bring your lawn back with soil-level repair.,#greenlawn #petsafelawn #lawncaretips,READY,,20:30,TT/IG/YT
5,Humic Fulvic Kelp,Plants not growing?,Your soil may be low in biology,Add humic fulvic and kelp,Mix and pour,Shop direct and save 15%,Also on Amazon,Stronger roots start with better soil.,#gardening #soilhealth #plants,READY,,08:30,TT/IG/YT
6,Humic Fulvic Kelp,Why fertilizers stop working,Nutrients can get locked up in poor soil,Unlock nutrients naturally,Soil close-up,Get it direct and save,Available on Amazon,Fix soil not just symptoms.,#soilbiology #organicgarden #gardentips,READY,,12:30,TT/IG/YT
7,Humic Fulvic Kelp,This is what your soil is missing,Low organic activity limits growth,Bring the soil back to life,Watering can application,Save 15% direct,Also on Amazon,Real soil improvement starts here.,#soilamendment #growtips #roots,READY,,16:30,TT/IG/YT
8,Humic Fulvic Kelp,Weak roots?,Poor uptake holds plants back,Support stronger nutrient uptake,Root shot,Shop direct and save,Amazon available,Grow stronger plants from the roots up.,#rootgrowth #plantcare #gardenlife,READY,,20:30,TT/IG/YT
9,Living Compost,Most compost is weak filler,Low biology means weak results,Use concentrated living compost,Scoop and mix,Buy direct and save 15%,Also on Amazon,Not bulk filler. Real soil biology.,#compost #soilamendment #raisedbeds,READY,,08:30,TT/IG/YT
10,Living Compost,Small bag big results,Bulky compost can be watered-down,20% worm castings plus 20% biochar,Hand scoop close-up,Save 15% direct,Available on Amazon,Power per pound for containers and beds.,#wormcastings #biochar #gardensoil,READY,,12:30,TT/IG/YT
11,Living Compost,This is real living compost,Store compost can sit too long,Fresh castings biochar and microbes,Blend into potting soil,Shop direct and save,Also on Amazon,Upgrade your soil before you plant.,#livingsoil #organicgardening #containergarden,READY,,16:30,TT/IG/YT
12,Living Compost,Transplant shock?,Plants stall after moving,Jumpstart roots with living compost,Transplant clip,Save 15% today,Amazon available,Start strong with biologically active soil.,#transplanting #planttips #gardenhack,READY,,20:30,TT/IG/YT
13,Hay Pasture Lawn,Thin grass?,Underfed soil limits growth,Balanced liquid feeding,Hose application,Save 15% direct,Also on Amazon,Thicker growth starts with better feeding.,#lawnfertilizer #pasture #grassgrowth,READY,,08:30,TT/IG/YT
14,Hay Pasture Lawn,Stop underfeeding your land,Low nutrients reduce color and density,Feed correctly with liquid nutrition,Wide pasture shot,Shop direct and save 15%,Available on Amazon,Better yield starts with better soil support.,#pasturecare #hayfield #farmtok,READY,,12:30,TT/IG/YT
15,Hay Pasture Lawn,Patchy yard?,Inconsistent feeding leaves weak areas,Apply evenly for better coverage,Spray lines,Save 15% today,Also on Amazon,Even coverage for a healthier lawn.,#yardwork #lawncaretips #greenlawn,READY,,16:30,TT/IG/YT
16,Hay Pasture Lawn,Dull lawn color?,Poor uptake slows green-up,Support nutrient uptake with micros,After lawn shot,Buy direct and save,Amazon available,Greener results start below the surface.,#lawnhelp #soilhealth #lawncare,READY,,20:30,TT/IG/YT
